DB;Wałbrzych (former Wałbrzych town);Lower Silesia;http://en.wikipedia.org/wiki/Wa%C5%82brzych
DBA;Wałbrzych (former Wałbrzych district);Lower Silesia;http://en.wikipedia.org/wiki/Wa%C5%82brzych
DBL;Bolesławiec;Lower Silesia;http://en.wikipedia.org/wiki/Boles%C5%82awiec
DDZ;Dzierżoniów;Lower Silesia;http://en.wikipedia.org/wiki/Dzier%C5%BConi%C3%B3w
DGL;Głogów;Lower Silesia;http://en.wikipedia.org/wiki/G%C5%82og%C3%B3w
DGR;Góra;Lower Silesia;http://en.wikipedia.org/wiki/G%C3%B3ra
DJ;Jelenia Góra (town);Lower Silesia;http://en.wikipedia.org/wiki/Jelenia_G%C3%B3ra
DJA;Jawor;Lower Silesia;http://en.wikipedia.org/wiki/Jawor
DJE;Jelenia Góra (district);Lower Silesia;http://en.wikipedia.org/wiki/Jelenia_G%C3%B3ra
DKA;Kamienna Góra;Lower Silesia;http://en.wikipedia.org/wiki/Kamienna_G%C3%B3ra
DKL;Kłodzko;Lower Silesia;http://en.wikipedia.org/wiki/K%C5%82odzko
DL;Legnica (town);Lower Silesia;http://en.wikipedia.org/wiki/Legnica
DLB;Lubań;Lower Silesia;http://en.wikipedia.org/wiki/Luba%C5%84
DLE;Legnica (district);Lower Silesia;http://en.wikipedia.org/wiki/Legnica
DLU;Lubin;Lower Silesia;http://en.wikipedia.org/wiki/Lubin
DLW;Lwówek Śląski;Lower Silesia;http://en.wikipedia.org/wiki/Lw%C3%B3wek_%C5%9Al%C4%85ski
DMI;Milicz;Lower Silesia;http://en.wikipedia.org/wiki/Milicz
DOA;Oława;Lower Silesia;http://en.wikipedia.org/wiki/O%C5%82awa
DOL;Oleśnica;Lower Silesia;http://en.wikipedia.org/wiki/Ole%C5%9Bnica
DPL;Polkowice;Lower Silesia;http://en.wikipedia.org/wiki/Polkowice
DSR;Środa Śląska;Lower Silesia;http://en.wikipedia.org/wiki/%C5%9Aroda_%C5%9Al%C4%85ska
DST;Strzelin;Lower Silesia;http://en.wikipedia.org/wiki/Strzelin
DSW;Świdnica;Lower Silesia;http://en.wikipedia.org/wiki/%C5%9Awidnica
DTR;Trzebnica;Lower Silesia;http://en.wikipedia.org/wiki/Trzebnica
DW;Wrocław (town);Lower Silesia;http://en.wikipedia.org/wiki/Wroc%C5%82aw
DWL;Wołów;Lower Silesia;http://en.wikipedia.org/wiki/Wo%C5%82%C3%B3w
DWR;Wrocław (district);Lower Silesia;http://en.wikipedia.org/wiki/Wroc%C5%82aw
DZA;Ząbkowice Śląskie;Lower Silesia;http://en.wikipedia.org/wiki/Z%C4%85bkowice_%C5%9Al%C4%85skie
DZG;Zgorzelec;Lower Silesia;http://en.wikipedia.org/wiki/Zgorzelec
DZL;Złotoryja;Lower Silesia;http://en.wikipedia.org/wiki/Z%C5%82otoryja
CAL;Aleksandrów Kujawski;Kuyavia-Pomerania;http://en.wikipedia.org/wiki/Aleksandr%C3%B3w_Kujawski
CB;Bydgoszcz (town);Kuyavia-Pomerania;http://en.wikipedia.org/wiki/Bydgoszcz
CBR;Brodnica;Kuyavia-Pomerania;http://en.wikipedia.org/wiki/Brodnica
CBY;Bydgoszcz (district);Kuyavia-Pomerania;http://en.wikipedia.org/wiki/Bydgoszcz
CCH;Chełmno;Kuyavia-Pomerania;http://en.wikipedia.org/wiki/Che%C5%82mno
CG;Grudziądz (town);Kuyavia-Pomerania;http://en.wikipedia.org/wiki/Grudzi%C4%85dz
CGD;Golub-Dobrzyń;Kuyavia-Pomerania;http://en.wikipedia.org/wiki/Golub-Dobrzy%C5%84
CGR;Grudziądz (district);Kuyavia-Pomerania;http://en.wikipedia.org/wiki/Grudzi%C4%85dz
CIN;Inowrocław;Kuyavia-Pomerania;http://en.wikipedia.org/wiki/Inowroc%C5%82aw
CLI;Lipno;Kuyavia-Pomerania;http://en.wikipedia.org/wiki/Lipno
CMG;Mogilno;Kuyavia-Pomerania;http://en.wikipedia.org/wiki/Mogilno
CNA;Nakło n. Notecią;Kuyavia-Pomerania;http://en.wikipedia.org/wiki/Nak%C5%82o
CRA;Radziejów;Kuyavia-Pomerania;http://en.wikipedia.org/wiki/Radziej%C3%B3w
CRY;Rypin;Kuyavia-Pomerania;http://en.wikipedia.org/wiki/Rypin
CSE;Sepólno Krajenskie;Kuyavia-Pomerania;http://en.wikipedia.org/wiki/Sep%C3%B3lno_Krajenskie
CSW;Świecie;Kuyavia-Pomerania;http://en.wikipedia.org/wiki/%C5%9Awiecie
CT;Toruń (town);Kuyavia-Pomerania;http://en.wikipedia.org/wiki/Toru%C5%84
CTR;Toruń (district);Kuyavia-Pomerania;http://en.wikipedia.org/wiki/Toru%C5%84
CTU;Tuchola;Kuyavia-Pomerania;http://en.wikipedia.org/wiki/Tuchola
CW;Włocławek (town);Kuyavia-Pomerania;http://en.wikipedia.org/wiki/W%C5%82oc%C5%82awek
CWA;Wąbrzeźno;Kuyavia-Pomerania;http://en.wikipedia.org/wiki/W%C4%85brze%C5%BAno
CWL;Włocławek (district);Kuyavia-Pomerania;http://en.wikipedia.org/wiki/W%C5%82oc%C5%82awek
CZN;Żnin;Kuyavia-Pomerania;http://en.wikipedia.org/wiki/%C5%BBnin
EBE;Bełchatów;Łódź;http://en.wikipedia.org/wiki/Be%C5%82chat%C3%B3w
EBR;Brzeziny;Łódź;http://en.wikipedia.org/wiki/Brzeziny
EKU;Kutno;Łódź;http://en.wikipedia.org/wiki/Kutno
EL;Łódź (town);Łódź;http://en.wikipedia.org/wiki/%C5%81%C3%B3d%C5%BA
ELA;Łask;Łódź;http://en.wikipedia.org/wiki/%C5%81ask
ELC;Łowicz;Łódź;http://en.wikipedia.org/wiki/%C5%81%C3%B3d%C5%BA
ELE;Łęczyca;Łódź;http://en.wikipedia.org/wiki/%C5%81%C4%99czyca
ELW;Łódź Wschód;Łódź;http://en.wikipedia.org/wiki/%C5%81%C3%B3d%C5%BA_East_County
EOP;Opoczno;Łódź;http://en.wikipedia.org/wiki/Opoczno
EP;Piotrków Trybunalski (town);Łódź;http://en.wikipedia.org/wiki/Piotrk%C3%B3w_Trybunalski
EPA;Pabianice;Łódź;http://en.wikipedia.org/wiki/Pabianice
EPD;Poddębice;Łódź;http://en.wikipedia.org/wiki/Podd%C4%99bice
EPI;Piotrków Trybunalski (district);Łódź;http://en.wikipedia.org/wiki/Piotrk%C3%B3w_Trybunalski
EPJ;Pajęczno;Łódź;http://en.wikipedia.org/wiki/Paj%C4%99czno
ERA;Radomsko;Łódź;http://en.wikipedia.org/wiki/Radomsko
ERW;Rawa Mazowiecka;Łódź;http://en.wikipedia.org/wiki/Rawa_Mazowiecka
ES;Skierniewice (town);Łódź;http://en.wikipedia.org/wiki/Skierniewice
ESI;Sieradz;Łódź;http://en.wikipedia.org/wiki/Sieradz
ESK;Skierniewice (district);Łódź;http://en.wikipedia.org/wiki/Skierniewice
ETM;Tomaszów Mazowiecki;Łódź;http://en.wikipedia.org/wiki/Tomasz%C3%B3w_Mazowiecki
EWE;Wieruszów;Łódź;http://en.wikipedia.org/wiki/Wierusz%C3%B3w
EWI;Wieluń;Łódź;http://en.wikipedia.org/wiki/Wielu%C5%84
EZD;Zduńska Wola;Łódź;http://en.wikipedia.org/wiki/Zdu%C5%84ska_Wola
EZG;Zgierz;Łódź;http://en.wikipedia.org/wiki/Zgierz
LB;Biała Podlaska (town);Lublin;http://en.wikipedia.org/wiki/Bia%C5%82a_Podlaska
LBI;Biała Podlaska (district);Lublin;http://en.wikipedia.org/wiki/Bia%C5%82a_Podlaska
LBL;Biłgoraj;Lublin;http://en.wikipedia.org/wiki/Bi%C5%82goraj
LC;Chełm (town);Lublin;http://en.wikipedia.org/wiki/Che%C5%82m
LCH;Chełm (district);Lublin;http://en.wikipedia.org/wiki/Che%C5%82m
LHR;Hrubieszów;Lublin;http://en.wikipedia.org/wiki/Hrubiesz%C3%B3w
LJA;Janów Lubelski;Lublin;http://en.wikipedia.org/wiki/Jan%C3%B3w_Lubelski
LKR;Kraśnik;Lublin;http://en.wikipedia.org/wiki/Kra%C5%9Bnik
LKS;Krasnystaw;Lublin;http://en.wikipedia.org/wiki/Krasnystaw
LLB;Lubartów;Lublin;http://en.wikipedia.org/wiki/Lubart%C3%B3w
LLE;Łęczna;Lublin;http://en.wikipedia.org/wiki/%C5%81%C4%99czna
LLU;Łuków;Lublin;http://en.wikipedia.org/wiki/%C5%81uk%C3%B3w
LOP;Opole Lubelskie;Lublin;http://en.wikipedia.org/wiki/Opole_Lubelskie
LPA;Parczew;Lublin;http://en.wikipedia.org/wiki/Parczew
LPU;Puławy;Lublin;http://en.wikipedia.org/wiki/Pu%C5%82awy
LRA;Radzyń Podlaski;Lublin;http://en.wikipedia.org/wiki/Radzy%C5%84_Podlaski
LRY;Ryki;Lublin;http://en.wikipedia.org/wiki/Ryki
LSW;Świdnik;Lublin;http://en.wikipedia.org/wiki/%C5%9Awidnik
LTM;Tomaszów Lubelski;Lublin;http://en.wikipedia.org/wiki/Tomasz%C3%B3w_Lubelski
LU;Lublin (town);Lublin;http://en.wikipedia.org/wiki/Lublin
LUB;Lublin (district);Lublin;http://en.wikipedia.org/wiki/Lublin
LWL;Włodawa;Lublin;http://en.wikipedia.org/wiki/W%C5%82odawa
LZ;Zamość (town);Lublin;http://en.wikipedia.org/wiki/Zamo%C5%9B%C4%87
LZA;Zamość (district);Lublin;http://en.wikipedia.org/wiki/Zamo%C5%9B%C4%87
FG;Gorzów Wielkopolski (town);Lubusz Voivodeship;http://en.wikipedia.org/wiki/Gorz%C3%B3w_Wielkopolski
FGW;Gorzów Wielkopolski (district);Lubusz Voivodeship;http://en.wikipedia.org/wiki/Gorz%C3%B3w_Wielkopolski
FKR;Krosno Odrzańskie;Lubusz Voivodeship;http://en.wikipedia.org/wiki/Krosno_Odrza%C5%84skie
FMI;Międzyrzecz;Lubusz Voivodeship;http://en.wikipedia.org/wiki/Mi%C4%99dzyrzecz
FNW;Nowa Sól;Lubusz Voivodeship;http://en.wikipedia.org/wiki/Nowa_S%C3%B3l
FSD;Strzelce Krajeńskie;Lubusz Voivodeship;http://en.wikipedia.org/wiki/Strzelce_Kraje%C5%84skie
FSD;Drezdenko;Lubusz Voivodeship;http://en.wikipedia.org/wiki/Drezdenko
FSL;Słubice;Lubusz Voivodeship;http://en.wikipedia.org/wiki/S%C5%82ubice
FSU;Sulęcin;Lubusz Voivodeship;http://en.wikipedia.org/wiki/Sul%C4%99cin
FSW;Świebodzin;Lubusz Voivodeship;http://en.wikipedia.org/wiki/%C5%9Awiebodzin
FWS;Wschowa;Lubusz Voivodeship;http://en.wikipedia.org/wiki/Wschowa
FZ;Zielona Góra (town);Lubusz Voivodeship;http://en.wikipedia.org/wiki/Zielona_G%C3%B3ra
FZA;Żary;Lubusz Voivodeship;http://en.wikipedia.org/wiki/%C5%BBary
FZG;Żagań;Lubusz Voivodeship;http://en.wikipedia.org/wiki/%C5%BBaga%C5%84
FZI;Zielona Góra (district);Lubusz Voivodeship;http://en.wikipedia.org/wiki/Zielona_G%C3%B3ra
KBC;Bochnia;Lesser Poland;http://en.wikipedia.org/wiki/Bochnia
KBR;Brzesko;Lesser Poland;http://en.wikipedia.org/wiki/Brzesko
KCH;Chrzanów;Lesser Poland;http://en.wikipedia.org/wiki/Chrzan%C3%B3w
KDA;Dąbrowa Tarnowska;Lesser Poland;http://en.wikipedia.org/wiki/D%C4%85browa_Tarnowska
KGR;Gorlice;Lesser Poland;http://en.wikipedia.org/wiki/Gorlice
KLI;Limanowa;Lesser Poland;http://en.wikipedia.org/wiki/Limanowa
KMI;Miechów;Lesser Poland;http://en.wikipedia.org/wiki/Miech%C3%B3w
KMY;Myślenice;Lesser Poland;http://en.wikipedia.org/wiki/My%C5%9Blenice
KN;Nowy Sącz (town);Lesser Poland;http://en.wikipedia.org/wiki/Nowy_S%C4%85cz
KNS;Nowy Sącz (district);Lesser Poland;http://en.wikipedia.org/wiki/Nowy_S%C4%85cz
KNT;Nowy Targ;Lesser Poland;http://en.wikipedia.org/wiki/Nowy_Targ
KOL;Olkusz;Lesser Poland;http://en.wikipedia.org/wiki/Olkusz
KOS;Oświęcim;Lesser Poland;http://en.wikipedia.org/wiki/O%C5%9Bwi%C4%99cim
KPR;Proszowice;Lesser Poland;http://en.wikipedia.org/wiki/Proszowice
KR;Kraków (town);Lesser Poland;http://en.wikipedia.org/wiki/Krak%C3%B3w
KRA;Kraków (district);Lesser Poland;http://en.wikipedia.org/wiki/Krak%C3%B3w
KSU;Sucha Beskidzka;Lesser Poland;http://en.wikipedia.org/wiki/Sucha_Beskidzka
KT;Tarnów (town);Lesser Poland;http://en.wikipedia.org/wiki/Tarn%C3%B3w
KTA;Tarnów (district);Lesser Poland;http://en.wikipedia.org/wiki/Tarn%C3%B3w
KTT;Tatrzański (Zakopane);Lesser Poland;http://en.wikipedia.org/wiki/Zakopane
KWA;Wadowice;Lesser Poland;http://en.wikipedia.org/wiki/Wadowice
KWI;Wieliczka;Lesser Poland;http://en.wikipedia.org/wiki/Wieliczka
WA;Warszawa (Białołęka);Masovia (incl. Warsaw);http://en.wikipedia.org/wiki/Bia%C5%82o%C5%82%C4%99ka
WB;Warszawa (Bemowo);Masovia (incl. Warsaw);http://en.wikipedia.org/wiki/Bemowo
WBR;Białobrzegi;Masovia (incl. Warsaw);http://en.wikipedia.org/wiki/Bia%C5%82obrzegi
WCI;Ciechanów;Masovia (incl. Warsaw);http://en.wikipedia.org/wiki/Ciechan%C3%B3w
WD;Warszawa (Bielany);Masovia (incl. Warsaw);http://en.wikipedia.org/wiki/Bielany
WE;Warszawa (Mokotów);Masovia (incl. Warsaw);http://en.wikipedia.org/wiki/Mokot%C3%B3w
WF;Warszawa (Praga Południe);Masovia (incl. Warsaw);http://en.wikipedia.org/wiki/Praga_Po%C5%82udnie
WG;Garwolin;Masovia (incl. Warsaw);http://en.wikipedia.org/wiki/Garwolin
WGM;Grodzisk Mazowiecki;Masovia (incl. Warsaw);http://en.wikipedia.org/wiki/Grodzisk_Mazowiecki
WGR;Grójec;Masovia (incl. Warsaw);http://en.wikipedia.org/wiki/Gr%C3%B3jec
WGS;Gostynin;Masovia (incl. Warsaw);http://en.wikipedia.org/wiki/Gostynin
WH;Warszawa (Praga Północ);Masovia (incl. Warsaw);http://en.wikipedia.org/wiki/Praga_P%C3%B3%C5%82noc
WI;Warszawa (Śródmieście);Masovia (incl. Warsaw);http://en.wikipedia.org/wiki/Warszawa-%C5%9Ar%C3%B3dmie%C5%9Bcie
WJ;Warszawa (Targówek);Masovia (incl. Warsaw);http://en.wikipedia.org/wiki/Targ%C3%B3wek
WK;Warszawa (Ursus);Masovia (incl. Warsaw);http://en.wikipedia.org/wiki/Warszawa-Ursus
WKZ;Kozienice;Masovia (incl. Warsaw);http://en.wikipedia.org/wiki/Kozienice
WL;Legionowo;Masovia (incl. Warsaw);http://en.wikipedia.org/wiki/Legionowo
WLI;Lipsko;Masovia (incl. Warsaw);http://en.wikipedia.org/wiki/Lipsko
WLS;Łosice;Masovia (incl. Warsaw);http://en.wikipedia.org/wiki/%C5%81osice
WM;Mińsk Mazowiecki;Masovia (incl. Warsaw);http://en.wikipedia.org/wiki/Mi%C5%84sk_Mazowiecki
WMA;Maków Mazowiecki;Masovia (incl. Warsaw);http://en.wikipedia.org/wiki/Mak%C3%B3w_Mazowiecki
WML;Mława;Masovia (incl. Warsaw);http://en.wikipedia.org/wiki/M%C5%82awa
WN;Warszawa (Ursynów);Masovia (incl. Warsaw);http://en.wikipedia.org/wiki/Ursyn%C3%B3w
WND;Nowy Dwór Mazowiecki;Masovia (incl. Warsaw);http://en.wikipedia.org/wiki/Nowy_Dw%C3%B3r_Mazowiecki
WO;Ostrołęka (town);Masovia (incl. Warsaw);http://en.wikipedia.org/wiki/Ostro%C5%82%C4%99ka
WOR;Ostrów Mazowiecka;Masovia (incl. Warsaw);http://en.wikipedia.org/wiki/Ostr%C3%B3w_Mazowiecka
WOS;Ostrołęka (district);Masovia (incl. Warsaw);http://en.wikipedia.org/wiki/Ostro%C5%82%C4%99ka
WOT;Otwock;Masovia (incl. Warsaw);http://en.wikipedia.org/wiki/Otwock
WP;Płock (town);Masovia (incl. Warsaw);http://en.wikipedia.org/wiki/P%C5%82ock
WPI;Piaseczno;Masovia (incl. Warsaw);http://en.wikipedia.org/wiki/Piaseczno
WPL;Płock (district);Masovia (incl. Warsaw);http://en.wikipedia.org/wiki/P%C5%82ock
WPN;Płońsk;Masovia (incl. Warsaw);http://en.wikipedia.org/wiki/P%C5%82o%C5%84sk
WPR;Pruszków;Masovia (incl. Warsaw);http://en.wikipedia.org/wiki/Pruszk%C3%B3w
WPU;Pułtusk;Masovia (incl. Warsaw);http://en.wikipedia.org/wiki/Pu%C5%82tusk
WPY;Przysucha;Masovia (incl. Warsaw);http://en.wikipedia.org/wiki/Przysucha
WPZ;Przasnysz;Masovia (incl. Warsaw);http://en.wikipedia.org/wiki/Przasnysz
WR;Radom (town);Masovia (incl. Warsaw);http://en.wikipedia.org/wiki/Radom
WRA;Radom (district);Masovia (incl. Warsaw);http://en.wikipedia.org/wiki/Radom
WS;Siedlce (town);Masovia (incl. Warsaw);http://en.wikipedia.org/wiki/Siedlce
WSC;Sochaczew;Masovia (incl. Warsaw);http://en.wikipedia.org/wiki/Sochaczew
WSE;Sierpc;Masovia (incl. Warsaw);http://en.wikipedia.org/wiki/Sierpc
WSI;Siedlce (district);Masovia (incl. Warsaw);http://en.wikipedia.org/wiki/Siedlce
WSK;Sokołów Podlaski;Masovia (incl. Warsaw);http://en.wikipedia.org/wiki/Soko%C5%82%C3%B3w_Podlaski
WSZ;Szydłowiec;Masovia (incl. Warsaw);http://en.wikipedia.org/wiki/Szyd%C5%82owiec
WT;Warszawa (Wawer);Masovia (incl. Warsaw);http://en.wikipedia.org/wiki/Wawer
WU;Warszawa (Ochota);Masovia (incl. Warsaw);http://en.wikipedia.org/wiki/Ochota
WV;Wołomin;Masovia (incl. Warsaw);http://en.wikipedia.org/wiki/Wo%C5%82omin
WWK;Warszawa(Włochy);Masovia (incl. Warsaw);http://en.wikipedia.org/wiki/W%C5%82ochy
WWL;Warszawa(Włochy);Masovia (incl. Warsaw);http://en.wikipedia.org/wiki/W%C5%82ochy
WWM;Warszawa(Włochy);Masovia (incl. Warsaw);http://en.wikipedia.org/wiki/W%C5%82ochy
WWN;Warszawa(Włochy);Masovia (incl. Warsaw);http://en.wikipedia.org/wiki/W%C5%82ochy
WWV;Warszawa(Włochy);Masovia (incl. Warsaw);http://en.wikipedia.org/wiki/W%C5%82ochy
WWR;Warszawa(Włochy);Masovia (incl. Warsaw);http://en.wikipedia.org/wiki/W%C5%82ochy
WWS;Warszawa(Włochy);Masovia (incl. Warsaw);http://en.wikipedia.org/wiki/W%C5%82ochy
WWF;Warszawa(Wilanów);Masovia (incl. Warsaw);http://en.wikipedia.org/wiki/Wilan%C3%B3w
WWG;Warszawa(Wilanów);Masovia (incl. Warsaw);http://en.wikipedia.org/wiki/Wilan%C3%B3w
WWH;Warszawa(Wilanów);Masovia (incl. Warsaw);http://en.wikipedia.org/wiki/Wilan%C3%B3w
WWJ;Warszawa(Wilanów);Masovia (incl. Warsaw);http://en.wikipedia.org/wiki/Wilan%C3%B3w
WWW;Warszawa(Wilanów);Masovia (incl. Warsaw);http://en.wikipedia.org/wiki/Wilan%C3%B3w
WWA;Warszawa(Rembertów);Masovia (incl. Warsaw);http://en.wikipedia.org/wiki/Rembert%C3%B3w
WWC;Warszawa(Rembertów);Masovia (incl. Warsaw);http://en.wikipedia.org/wiki/Rembert%C3%B3w
WWE;Warszawa(Rembertów);Masovia (incl. Warsaw);http://en.wikipedia.org/wiki/Rembert%C3%B3w
WWX;Warszawa(Rembertów);Masovia (incl. Warsaw);http://en.wikipedia.org/wiki/Rembert%C3%B3w
WWY;Warszawa(Rembertów);Masovia (incl. Warsaw);http://en.wikipedia.org/wiki/Rembert%C3%B3w
WWE;Węgrów;Masovia (incl. Warsaw);http://en.wikipedia.org/wiki/W%C4%99gr%C3%B3w
WWL;Wołomin;Masovia (incl. Warsaw);http://en.wikipedia.org/wiki/Wo%C5%82omin
WWY;Wyszków;Masovia (incl. Warsaw);http://en.wikipedia.org/wiki/Wyszk%C3%B3w
WX;Warszawa (Żoliborz);Masovia (incl. Warsaw);http://en.wikipedia.org/wiki/%C5%BBoliborz
WXY ;Warszawa (Wesoła);Masovia (incl. Warsaw);http://en.wikipedia.org/wiki/Weso%C5%82a
WY;Warszawa (Wola);Masovia (incl. Warsaw);http://en.wikipedia.org/wiki/Wola
WZ;Warszawski Zachodni (Ożarów Mazowiecki);Masovia (incl. Warsaw);http://en.wikipedia.org/wiki/O%C5%BCar%C3%B3w_Mazowiecki
WZU;Żuromin;Masovia (incl. Warsaw);http://en.wikipedia.org/wiki/%C5%BBuromin
WZW;Zwoleń;Masovia (incl. Warsaw);http://en.wikipedia.org/wiki/Zwole%C5%84
WZY;Żyrardów;Masovia (incl. Warsaw);http://en.wikipedia.org/wiki/%C5%BByrard%C3%B3w
OB;Brzeg;Opole Silesia;http://en.wikipedia.org/wiki/Brzeg
OGL;Głubczyce;Opole Silesia;http://en.wikipedia.org/wiki/G%C5%82ubczyce
OK;Kędzierzyn-Koźle;Opole Silesia;http://en.wikipedia.org/wiki/K%C4%99dzierzyn-Ko%C5%BAle
OKL;Kluczbork;Opole Silesia;http://en.wikipedia.org/wiki/Kluczbork
OKR;Krapkowice;Opole Silesia;http://en.wikipedia.org/wiki/Krapkowice
ONA;Namysłów;Opole Silesia;http://en.wikipedia.org/wiki/Namys%C5%82%C3%B3w
ONY;Nysa;Opole Silesia;http://en.wikipedia.org/wiki/Nysa,_Poland
OOL;Olesno;Opole Silesia;http://en.wikipedia.org/wiki/Olesno
OP;Opole (town);Opole Silesia;http://en.wikipedia.org/wiki/Opole
OPO;Opole (district);Opole Silesia;http://en.wikipedia.org/wiki/Opole
OPR;Prudnik;Opole Silesia;http://en.wikipedia.org/wiki/Prudnik
OST;Strzelce Opolskie;Opole Silesia;http://en.wikipedia.org/wiki/Strzelce_Opolskie
RBI;Bieszczadzki (Ustrzyki Dolne);Subcarpathia;http://en.wikipedia.org/wiki/Bieszczady_County
RBR;Brzozów;Subcarpathia;http://en.wikipedia.org/wiki/Brzoz%C3%B3w
RDE;Dębica;Subcarpathia;http://en.wikipedia.org/wiki/D%C4%99bica
RJA;Jarosław;Subcarpathia;http://en.wikipedia.org/wiki/Jaros%C5%82aw
RJS;Jasło;Subcarpathia;http://en.wikipedia.org/wiki/Jas%C5%82o
RK;Krosno (town);Subcarpathia;http://en.wikipedia.org/wiki/Krosno
RKL;Kolbuszowa;Subcarpathia;http://en.wikipedia.org/wiki/Kolbuszowa
RKR;Krosno (district);Subcarpathia;http://en.wikipedia.org/wiki/Krosno
RLA;Łańcut;Subcarpathia;http://en.wikipedia.org/wiki/%C5%81a%C5%84cut
RLE;Leżajsk;Subcarpathia;http://en.wikipedia.org/wiki/Le%C5%BCajsk
RLS;Lesko;Subcarpathia;http://en.wikipedia.org/wiki/Lesko
RLU;Lubaczów;Subcarpathia;http://en.wikipedia.org/wiki/Lubacz%C3%B3w
RMI;Mielec;Subcarpathia;http://en.wikipedia.org/wiki/Mielec
RNI;Nisko;Subcarpathia;http://en.wikipedia.org/wiki/Nisko
RP;Przemyśl (town);Subcarpathia;http://en.wikipedia.org/wiki/Przemy%C5%9Bl
RPR;Przemyśl (district);Subcarpathia;http://en.wikipedia.org/wiki/Przemy%C5%9Bl
RPZ;Przeworsk;Subcarpathia;http://en.wikipedia.org/wiki/Przeworsk
RRS;Sędziszów;Subcarpathia;http://en.wikipedia.org/wiki/S%C4%99dzisz%C3%B3w_Ma%C5%82opolski
RRS;Ropczyce;Subcarpathia;http://en.wikipedia.org/wiki/Ropczyce
RSA;Sanok;Subcarpathia;http://en.wikipedia.org/wiki/Sanok
RSR;Strzyżów;Subcarpathia;http://en.wikipedia.org/wiki/Strzy%C5%BC%C3%B3w
RST;Stalowa Wola;Subcarpathia;http://en.wikipedia.org/wiki/Stalowa_Wola
RT;Tarnobrzeg (town);Subcarpathia;http://en.wikipedia.org/wiki/Tarnobrzeg
RTA;Tarnobrzeg (district);Subcarpathia;http://en.wikipedia.org/wiki/Tarnobrzeg
RZ;Rzeszów (city);Subcarpathia;http://en.wikipedia.org/wiki/Rzesz%C3%B3w
RZE;Rzeszów (district);Subcarpathia;http://en.wikipedia.org/wiki/Rzesz%C3%B3w
BAU;Augustów;Podlaskie;http://en.wikipedia.org/wiki/August%C3%B3w
BBI;Bielsk Podlaski;Podlaskie;http://en.wikipedia.org/wiki/Bielsk_Podlaski
BGR;Grajewo;Podlaskie;http://en.wikipedia.org/wiki/Grajewo
BHA;Hajnówka;Podlaskie;http://en.wikipedia.org/wiki/Hajn%C3%B3wka
BI;Białystok (town);Podlaskie;http://en.wikipedia.org/wiki/Bia%C5%82ystok
BIA;Białystok (district);Podlaskie;http://en.wikipedia.org/wiki/Bia%C5%82ystok
BKL;Kolno;Podlaskie;http://en.wikipedia.org/wiki/Kolno
BL;Łomża (town);Podlaskie;http://en.wikipedia.org/wiki/%C5%81om%C5%BCa
BLM;Łomża (district);Podlaskie;http://en.wikipedia.org/wiki/%C5%81om%C5%BCa
BMN;Monki;Podlaskie;http://en.wikipedia.org/wiki/Monki
BS;Suwałki (town);Podlaskie;http://en.wikipedia.org/wiki/Suwa%C5%82ki
BSE;Sejny;Podlaskie;http://en.wikipedia.org/wiki/Sejny
BSI;Siemiatycze;Podlaskie;http://en.wikipedia.org/wiki/Siemiatycze
BSK;Sokółka;Podlaskie;http://en.wikipedia.org/wiki/Sok%C3%B3%C5%82ka
BSU;Suwałki (district);Podlaskie;http://en.wikipedia.org/wiki/Suwa%C5%82ki
BWM;Wysokie Mazowieckie;Podlaskie;http://en.wikipedia.org/wiki/Wysokie_Mazowieckie
BZA;Zambrów;Podlaskie;http://en.wikipedia.org/wiki/Zambr%C3%B3w
GA;Gdynia;Pomerania;http://en.wikipedia.org/wiki/Gdynia
GBY;Bytów;Pomerania;http://en.wikipedia.org/wiki/Byt%C3%B3w
GCH;Chojnice;Pomerania;http://en.wikipedia.org/wiki/Chojnice
GCZ;Człuchów;Pomerania;http://en.wikipedia.org/wiki/Cz%C5%82uch%C3%B3w
GD;Gdańsk (town);Pomerania;http://en.wikipedia.org/wiki/Gda%C5%84sk
GDA;Gdańsk (Pruszcz Gdański);Pomerania;http://en.wikipedia.org/wiki/Pruszcz_Gda%C5%84ski
GKA;Kartuzy;Pomerania;http://en.wikipedia.org/wiki/Kartuzy
GKS;Kościerzyna;Pomerania;http://en.wikipedia.org/wiki/Ko%C5%9Bcierzyna
GKW;Kwidzyń;Pomerania;http://en.wikipedia.org/wiki/Kwidzy%C5%84
GLE;Lębork;Pomerania;http://en.wikipedia.org/wiki/L%C4%99bork
GMB;Malbork;Pomerania;http://en.wikipedia.org/wiki/Malbork
GND;Nowy Dwór Gdański;Pomerania;http://en.wikipedia.org/wiki/Nowy_Dw%C3%B3r_Gda%C5%84ski
GPU;Puck;Pomerania;http://en.wikipedia.org/wiki/Puck,_Poland
GS;Słupsk (town);Pomerania;http://en.wikipedia.org/wiki/S%C5%82upsk
GSL;Słupsk (district);Pomerania;http://en.wikipedia.org/wiki/S%C5%82upsk
GSP;Sopot;Pomerania;http://en.wikipedia.org/wiki/Sopot
GST;Starogard Gdański;Pomerania;http://en.wikipedia.org/wiki/Starogard_Gda%C5%84ski
GSZ;Sztum;Pomerania;http://en.wikipedia.org/wiki/Sztum
GTC;Tczew;Pomerania;http://en.wikipedia.org/wiki/Tczew
GWE;Wejherowo;Pomerania;http://en.wikipedia.org/wiki/Wejherowo
SB;Bielsko-Biała (town);Upper Silesia;http://en.wikipedia.org/wiki/Bielsko-Bia%C5%82a
SBEędzin;Będzin;Upper Silesia;http://en.wikipedia.org/wiki/B%C4%99dzin
SBI;Bielsko-Biała (district);Upper Silesia;http://en.wikipedia.org/wiki/Bielsko-Bia%C5%82a
SBL;Bieruń -;Upper Silesia;http://en.wikipedia.org/wiki/Bieru%C5%84
SBL;Lędziny;Upper Silesia;http://en.wikipedia.org/wiki/L%C4%99dziny
SC;Częstochowa (town);Upper Silesia;http://en.wikipedia.org/wiki/Cz%C4%99stochowa
SCI;Cieszyn;Upper Silesia;http://en.wikipedia.org/wiki/Cieszyn
SCZ;Częstochowa (district);Upper Silesia;http://en.wikipedia.org/wiki/Cz%C4%99stochowa
SD;Dąbrowa Górnicza;Upper Silesia;http://en.wikipedia.org/wiki/D%C4%85browa_G%C3%B3rnicza
SG;Gliwice (town);Upper Silesia;http://en.wikipedia.org/wiki/Gliwice
SGL;Gliwice (district);Upper Silesia;http://en.wikipedia.org/wiki/Gliwice
SH;Chorzów;Upper Silesia;http://en.wikipedia.org/wiki/Chorz%C3%B3w
SI;Siemianowice Śląskie;Upper Silesia;http://en.wikipedia.org/wiki/Siemianowice_%C5%9Al%C4%85skie
SJ;Jaworzno;Upper Silesia;http://en.wikipedia.org/wiki/Jaworzno
SJZ;Jastrzębie-Zdrój;Upper Silesia;http://en.wikipedia.org/wiki/Jastrz%C4%99bie-Zdr%C3%B3j
SK;Katowice;Upper Silesia;http://en.wikipedia.org/wiki/Katowice
SKL;Kłobuck;Upper Silesia;http://en.wikipedia.org/wiki/K%C5%82obuck
SL;Ruda Śląska;Upper Silesia;http://en.wikipedia.org/wiki/Ruda_%C5%9Al%C4%85ska
SLU;Lubliniec;Upper Silesia;http://en.wikipedia.org/wiki/Lubliniec
SM;Mysłowice;Upper Silesia;http://en.wikipedia.org/wiki/Mys%C5%82owice
SMI;Mikołów;Upper Silesia;http://en.wikipedia.org/wiki/Miko%C5%82%C3%B3w
SMY;Myszków;Upper Silesia;http://en.wikipedia.org/wiki/Myszk%C3%B3w
SO;Sosnowiec;Upper Silesia;http://en.wikipedia.org/wiki/Sosnowiec
SPI;Piekary Śląskie;Upper Silesia;http://en.wikipedia.org/wiki/Piekary_%C5%9Al%C4%85skie
SPS;Pszczyna;Upper Silesia;http://en.wikipedia.org/wiki/Pszczyna
SR;Rybnik (town);Upper Silesia;http://en.wikipedia.org/wiki/Rybnik
SRB;Rybnik (district);Upper Silesia;http://en.wikipedia.org/wiki/Rybnik
SRC;Racibórz;Upper Silesia;http://en.wikipedia.org/wiki/Racib%C3%B3rz
SL;Ruda Śląska;Upper Silesia;http://en.wikipedia.org/wiki/Ruda_%C5%9Al%C4%85ska
ST;Tychy (town);Upper Silesia;http://en.wikipedia.org/wiki/Tychy
SBL;Tychy (district);Upper Silesia;http://en.wikipedia.org/wiki/Tychy
STA;Tarnowskie Góry;Upper Silesia;http://en.wikipedia.org/wiki/Tarnowskie_G%C3%B3ry
SW;Świętochłowice;Upper Silesia;http://en.wikipedia.org/wiki/%C5%9Awi%C4%99toch%C5%82owice
SWD;Wodzisław Śląski;Upper Silesia;http://en.wikipedia.org/wiki/Wodzis%C5%82aw_%C5%9Al%C4%85ski
SY;Bytom;Upper Silesia;http://en.wikipedia.org/wiki/Bytom
SZ;Zabrze;Upper Silesia;http://en.wikipedia.org/wiki/Zabrze
SZA;Zawiercie;Upper Silesia;http://en.wikipedia.org/wiki/Zawiercie
SZO;Żory;Upper Silesia;http://en.wikipedia.org/wiki/%C5%BBory
SZY;Żywiec;Upper Silesia;http://en.wikipedia.org/wiki/%C5%BBywiec
TBU;Busko-Zdrój;Świętokrzyskie;http://en.wikipedia.org/wiki/Busko-Zdr%C3%B3j
TJE;Jędrzejów;Świętokrzyskie;http://en.wikipedia.org/wiki/J%C4%99drzej%C3%B3w
TK;Kielce (town);Świętokrzyskie;http://en.wikipedia.org/wiki/Kielce
TKA;Kazimierza Wielka;Świętokrzyskie;http://en.wikipedia.org/wiki/Kazimierza_Wielka
TKI;Kielce (district);Świętokrzyskie;http://en.wikipedia.org/wiki/Kielce
TKN;Końskie;Świętokrzyskie;http://en.wikipedia.org/wiki/Ko%C5%84skie
TLW;Włoszczowa;Świętokrzyskie;http://en.wikipedia.org/wiki/W%C5%82oszczowa
TOP;Opatów;Świętokrzyskie;http://en.wikipedia.org/wiki/Opat%C3%B3w
TOS;Ostrowiec Świętokrzyski;Świętokrzyskie;http://en.wikipedia.org/wiki/Ostrowiec_%C5%9Awi%C4%99tokrzyski
TPI;Pińczów;Świętokrzyskie;http://en.wikipedia.org/wiki/Pi%C5%84cz%C3%B3w
TSA;Sandomierz;Świętokrzyskie;http://en.wikipedia.org/wiki/Sandomierz
TSK;Skarżysko-Kamienna;Świętokrzyskie;http://en.wikipedia.org/wiki/Skar%C5%BCysko-Kamienna
TST;Starachowice;Świętokrzyskie;http://en.wikipedia.org/wiki/Starachowice
TSZ;Staszów;Świętokrzyskie;http://en.wikipedia.org/wiki/Stasz%C3%B3w
NBA;Bartoszyce;Warmia-Masuria;http://en.wikipedia.org/wiki/Bartoszyce
NBR;Braniewo;Warmia-Masuria;http://en.wikipedia.org/wiki/Braniewo
NDZ;Działdowo;Warmia-Masuria;http://en.wikipedia.org/wiki/Dzia%C5%82dowo
NE;Elbląg (town);Warmia-Masuria;http://en.wikipedia.org/wiki/Elbl%C4%85g
NEB;Elbląg (district);Warmia-Masuria;http://en.wikipedia.org/wiki/Elbl%C4%85g
NEL;Ełk;Warmia-Masuria;http://en.wikipedia.org/wiki/E%C5%82k
NGI;Giżycko;Warmia-Masuria;http://en.wikipedia.org/wiki/Gi%C5%BCycko
NGO;Gołdap;Warmia-Masuria;http://en.wikipedia.org/wiki/Go%C5%82dap
NIL;Iława;Warmia-Masuria;http://en.wikipedia.org/wiki/I%C5%82awa
NKE;Kętrzyn;Warmia-Masuria;http://en.wikipedia.org/wiki/K%C4%99trzyn
NLI;Lidzbark Warmiński;Warmia-Masuria;http://en.wikipedia.org/wiki/Lidzbark_Warmi%C5%84ski
NMR;Mrągowo;Warmia-Masuria;http://en.wikipedia.org/wiki/Mr%C4%85gowo
NNI;Nidzica;Warmia-Masuria;http://en.wikipedia.org/wiki/Nidzica
NNM;Nowe Miasto Lubawskie;Warmia-Masuria;http://en.wikipedia.org/wiki/Nowe_Miasto_Lubawskie
NO;Olsztyn (town);Warmia-Masuria;http://en.wikipedia.org/wiki/Olsztyn
NOE;Olecko;Warmia-Masuria;http://en.wikipedia.org/wiki/Olecko
NOG;Olecko;Warmia-Masuria;http://en.wikipedia.org/wiki/Olecko
NOG;Gołdap;Warmia-Masuria;http://en.wikipedia.org/wiki/Go%C5%82dap
NOL;Olsztyn (district);Warmia-Masuria;http://en.wikipedia.org/wiki/Olsztyn
NOS;Ostróda;Warmia-Masuria;http://en.wikipedia.org/wiki/Ostr%C3%B3da
NPI;Pisz;Warmia-Masuria;http://en.wikipedia.org/wiki/Pisz
NSZ;Szczytno;Warmia-Masuria;http://en.wikipedia.org/wiki/Szczytno
NWE;Węgorzewo;Warmia-Masuria;http://en.wikipedia.org/wiki/W%C4%99gorzewo
PCH;Chodzież;Greater Poland;http://en.wikipedia.org/wiki/Chodzie%C5%BC
PCT;Czarnków;Greater Poland;http://en.wikipedia.org/wiki/Czarnk%C3%B3w
PCT;Trzcianka;Greater Poland;http://en.wikipedia.org/wiki/Trzcianka
PGN;Gniezno;Greater Poland;http://en.wikipedia.org/wiki/Gniezno
PGO;Grodzisk Wielkopolski;Greater Poland;http://en.wikipedia.org/wiki/Grodzisk_Wielkopolski
PGS;Gostyń;Greater Poland;http://en.wikipedia.org/wiki/Gosty%C5%84
PJA;Jarocin;Greater Poland;http://en.wikipedia.org/wiki/Jarocin
PK;Kalisz (town);Greater Poland;http://en.wikipedia.org/wiki/Kalisz
PKA;Kalisz (district);Greater Poland;http://en.wikipedia.org/wiki/Kalisz
PKE;Kępno;Greater Poland;http://en.wikipedia.org/wiki/K%C4%99pno
PKL;Koło;Greater Poland;http://en.wikipedia.org/wiki/Ko%C5%82o
PKN;Konin (district);Greater Poland;http://en.wikipedia.org/wiki/Konin
PKO;Konin (town);Greater Poland;http://en.wikipedia.org/wiki/Konin
PKR;Krotoszyn;Greater Poland;http://en.wikipedia.org/wiki/Krotoszyn
PKS;Kościan;Greater Poland;http://en.wikipedia.org/wiki/Ko%C5%9Bcian
PL;Leszno (town);Greater Poland;http://en.wikipedia.org/wiki/Leszno
PLE;Leszno (district);Greater Poland;http://en.wikipedia.org/wiki/Leszno
PMI;Międzychód;Greater Poland;http://en.wikipedia.org/wiki/Mi%C4%99dzych%C3%B3d
PN;Konin (town);Greater Poland;http://en.wikipedia.org/wiki/Konin
PNT;Nowy Tomyśl;Greater Poland;http://en.wikipedia.org/wiki/Nowy_Tomy%C5%9Bl
PO;Poznań (town);Greater Poland;http://en.wikipedia.org/wiki/Pozna%C5%84
POB;Oborniki;Greater Poland;http://en.wikipedia.org/wiki/Oborniki
POS;Ostrów Wielkopolski;Greater Poland;http://en.wikipedia.org/wiki/Ostr%C3%B3w_Wielkopolski
POT;Ostrzeszów;Greater Poland;http://en.wikipedia.org/wiki/Ostrzesz%C3%B3w
POZ;Poznań (district);Greater Poland;http://en.wikipedia.org/wiki/Pozna%C5%84
PP;Piła;Greater Poland;http://en.wikipedia.org/wiki/Pi%C5%82a
PPL;Pleszew;Greater Poland;http://en.wikipedia.org/wiki/Pleszew
PRA;Rawicz;Greater Poland;http://en.wikipedia.org/wiki/Rawicz
PSE;Śrem;Greater Poland;http://en.wikipedia.org/wiki/%C5%9Arem,_Poland
PSL;Słupca;Greater Poland;http://en.wikipedia.org/wiki/S%C5%82upca
PSR;Środa Wielkopolska;Greater Poland;http://en.wikipedia.org/wiki/%C5%9Aroda_Wielkopolska
PSZ;Szamotuły;Greater Poland;http://en.wikipedia.org/wiki/Szamotu%C5%82y
PTU;Turek;Greater Poland;http://en.wikipedia.org/wiki/Turek
PWA;Wągrowiec;Greater Poland;http://en.wikipedia.org/wiki/W%C4%85growiec
PWL;Wolsztyn;Greater Poland;http://en.wikipedia.org/wiki/Wolsztyn
PWR;Września;Greater Poland;http://en.wikipedia.org/wiki/Wrze%C5%9Bnia
PZ;Poznań (district);Greater Poland;http://en.wikipedia.org/wiki/Pozna%C5%84
PZL;Złotów;Greater Poland;http://en.wikipedia.org/wiki/Z%C5%82ot%C3%B3w
ZBI;Białogard;West Pomerania;http://en.wikipedia.org/wiki/Bia%C5%82ogard
ZCH;Choszczno;West Pomerania;http://en.wikipedia.org/wiki/Choszczno
ZDR;Drawsko Pomorskie;West Pomerania;http://en.wikipedia.org/wiki/Drawsko_Pomorskie
ZGL;Goleniów;West Pomerania;http://en.wikipedia.org/wiki/Goleni%C3%B3w
ZGR;Gryfino;West Pomerania;http://en.wikipedia.org/wiki/Gryfino
ZGY;Gryfice;West Pomerania;http://en.wikipedia.org/wiki/Gryfice
ZK;Koszalin (town);West Pomerania;http://en.wikipedia.org/wiki/Koszalin
ZKA;Kamień Pomorski;West Pomerania;http://en.wikipedia.org/wiki/Kamie%C5%84_Pomorski
ZKL;Kołobrzeg;West Pomerania;http://en.wikipedia.org/wiki/Ko%C5%82obrzeg
ZKO;Koszalin (district);West Pomerania;http://en.wikipedia.org/wiki/Koszalin
ZLO;Łobez;West Pomerania;http://en.wikipedia.org/wiki/%C5%81obez
ZMY;Myślibórz;West Pomerania;http://en.wikipedia.org/wiki/My%C5%9Blib%C3%B3rz
ZPL;Police (district);West Pomerania;http://en.wikipedia.org/wiki/Police,_Poland
ZPY;Pyrzyce;West Pomerania;http://en.wikipedia.org/wiki/Pyrzyce
ZS;Szczecin;West Pomerania;http://en.wikipedia.org/wiki/Szczecin
ZSD;Świdwin;West Pomerania;http://en.wikipedia.org/wiki/%C5%9Awidwin
ZSL;Sławno;West Pomerania;http://en.wikipedia.org/wiki/S%C5%82awno
ZST;Stargard Szczeciński;West Pomerania;http://en.wikipedia.org/wiki/Stargard_Szczeci%C5%84ski
ZSW;Świnoujście;West Pomerania;http://en.wikipedia.org/wiki/%C5%9Awinouj%C5%9Bcie
ZSZ;Szczecinek;West Pomerania;http://en.wikipedia.org/wiki/Szczecinek
ZWA;Wałcz;West Pomerania;http://en.wikipedia.org/wiki/Wa%C5%82cz
